access	sequence	group	tinyAA	smallAA	aliphaticAA	aromaticAA	nonpolarAA	polarAA	chargedAA	basicAA	acidicAA	charge	pI	aindex	instaindex	boman	hydrophobicity	hmoment	SA.G1.residue0	SA.G2.residue0	SA.G3.residue0	hb.Group.1.residue0	hb.Group.2.residue0	hb.Group.3.residue0
peptide_pv_1	GTPCGESCVYIPCISGVIGCSCTDKVCYLN	HEMO	50	73.333	23.333	6.667	70	30	10	3.333	6.667	-1.2077208184675	4.18418863066333	81	26.67	0.00333333333333331	0.276666666666667	0.286632818437098	3.3333333333333335	20.0	6.666666666666667	3.3333333333333335	13.333333333333334	10.0
peptide_pv_2	GLLGPLLKIAAKVGSNLL	HEMO	33.333	50	55.556	0	77.778	22.222	11.111	11.111	0	1.97557765278524	10.8053935283569	178.888888888889	-9.42222222222222	-1.32111111111111	0.425555555555556	0.55082046992579	5.555555555555555	44.44444444444444	27.77777777777778	5.555555555555555	83.33333333333334	27.77777777777778
peptide_pv_3	LLKLLKWLLKLLK	HEMO	0	0	61.538	7.692	69.231	30.769	30.769	30.769	0	3.97526072437652	11.2783537870744	240	-20.4615384615385	-1.49923076923077	0.253076923076923	0.776368449568936	7.6923076923076925	23.076923076923077	0.0	7.6923076923076925	0.0	23.076923076923077
peptide_pv_4	KWKLFKKIGKVLKVL	HEMO	6.667	20	40	13.333	60	40	40	40	0	5.9749437959678	11.4996122171604	142.666666666667	-34.6466666666667	-0.0473333333333334	0.0133333333333333	0.877500192764279	13.333333333333334	6.666666666666667	0.0	13.333333333333334	33.33333333333333	6.666666666666667
peptide_pv_5	GIGKFLKKAKKFGKAFVKILKK	HEMO	22.727	27.273	31.818	13.636	59.091	40.909	40.909	40.909	0	8.97446840335471	11.7034700673978	93.1818181818182	-6.16363636363636	0.493181818181818	-0.0586363636363636	0.789192271335236	4.545454545454546	18.181818181818183	0.0	4.545454545454546	22.727272727272727	18.181818181818183
peptide_pv_6	YKLFKKILKKL	HEMO	0	0	36.364	18.182	54.545	45.455	45.455	45.455	0	4.97430856239399	11.0169575047726	141.818181818182	-17.9363636363636	0.475454545454545	-0.135454545454545	0.824361374732458	27.27272727272727	18.181818181818183	9.090909090909092	27.27272727272727	9.090909090909092	18.181818181818183
peptide_pv_7	CESCVWIPCISSVVGCSCKSKVCYKNGTLP	HEMO	46.667	70	23.333	6.667	63.333	36.667	13.333	10	3.333	1.79196225312377	8.11077756520899	77.6666666666667	31.1733333333333	0.233333333333333	0.172666666666667	0.34469702376282	3.3333333333333335	6.666666666666667	10.0	16.666666666666664	3.3333333333333335	6.666666666666667
peptide_pv_8	GLLKKLLKIAAKVGKKLL	HEMO	22.222	27.778	55.556	0	66.667	33.333	33.333	33.333	0	5.9749437959678	11.4996122171604	178.888888888889	-28.2888888888889	-0.593333333333333	0.112222222222222	0.726902598012952	5.555555555555555	22.22222222222222	0.0	5.555555555555555	0.0	22.22222222222222
peptide_pv_9	LCYCHHHFCVCV	HEMO	33.333	50	25	41.667	75	25	25	25	0	0.573246383345063	7.38611260637412	80.8333333333333	15.125	-0.581666666666667	0.385833333333333	0.127165608406125	8.333333333333332	0.0	25.0	8.333333333333332	16.666666666666664	41.66666666666667
peptide_pv_10	ILPWKWPWWPWRR	HEMO	0	23.077	15.385	38.462	76.923	23.077	23.077	23.077	0	2.97572979245429	12.5164608828312	60	76.2769230769231	1.06923076923077	0.0223076923076924	0.44868023044275	7.6923076923076925	38.46153846153847	23.076923076923077	7.6923076923076925	0.0	23.076923076923077
peptide_pv_11	GIGAILKVLATGLPTLISWIKNKRKQ	HEMO	30.769	42.308	42.308	3.846	61.538	38.462	19.231	19.231	0	4.97525756210886	11.9973870822673	138.846153846154	35.5923076923077	0.218076923076923	0.154230769230769	0.472019164705255	3.8461538461538463	26.923076923076923	42.30769230769231	3.8461538461538463	69.23076923076923	26.923076923076923
peptide_pv_12	LLIILKKKWKKQAKAKSK	HEMO	16.667	16.667	38.889	5.556	44.444	55.556	44.444	44.444	0	7.97462686755907	11.6455517940812	119.444444444444	28.5833333333333	1.26611111111111	-0.28	0.510455962092418	5.555555555555555	33.33333333333333	94.44444444444444	5.555555555555555	66.66666666666666	33.33333333333333
peptide_pv_13	VNWKKILGKSIKVSK	HEMO	20	40	33.333	6.667	46.667	53.333	33.333	33.333	0	4.97510226017216	11.402903314713	116.666666666667	-7.38	1.00533333333333	-0.0913333333333333	0.590719292477558	6.666666666666667	13.333333333333334	66.66666666666666	6.666666666666667	13.333333333333334	26.666666666666668
peptide_pv_14	GLPVCGETCVGGTCNTPGCTCSWPVCTKN	HEMO	58.621	86.207	13.793	3.448	65.517	34.483	6.897	3.448	3.448	-0.206927120689331	5.94144441966303	43.448275862069	42.3344827586207	0.349655172413793	0.18551724137931	0.1696250913745	3.4482758620689653	24.137931034482758	10.344827586206897	3.4482758620689653	17.24137931034483	10.344827586206897
peptide_pv_15	FLSLALAALPKFLCLVFKKC	HEMO	30	40	50	15	80	20	15	15	0	2.91411232851745	9.66777169369229	146.5	21.245	-1.522	0.4445	0.532530144296646	5.0	55.00000000000001	15.0	10.0	5.0	50.0
peptide_pv_16	ILPFKFPFFPFRR	HEMO	0	23.077	15.385	38.462	76.923	23.077	23.077	23.077	0	2.97572979245429	12.5164608828312	60	145.438461538462	0.819230769230769	0.168461538461538	0.456374346939595	7.6923076923076925	38.46153846153847	23.076923076923077	7.6923076923076925	30.76923076923077	23.076923076923077
peptide_pv_17	LRRLWLRANRLLRRLWLRANRL	HEMO	9.091	18.182	45.455	9.091	54.545	45.455	36.364	36.364	0	7.97586928305269	13.3450854166985	150.909090909091	129.381818181818	3.86363636363636	-0.475454545454545	0.856105186335399	4.545454545454546	9.090909090909092	0.0	4.545454545454546	40.909090909090914	9.090909090909092
peptide_pv_18	KWKLFKKIGAVLKVL	HEMO	13.333	26.667	46.667	13.333	66.667	33.333	33.333	33.333	0	4.97510226017216	11.402903314713	149.333333333333	-28.9866666666667	-0.538	0.154666666666667	0.687035150927845	13.333333333333334	6.666666666666667	0.0	13.333333333333334	33.33333333333333	6.666666666666667
peptide_pv_19	CGESCVWIPCTITALAGCKCKSKVCYNSIP	HEMO	50	66.667	26.667	6.667	66.667	33.333	13.333	10	3.333	1.79196225312377	8.11077756520899	78	25.53	0.0769999999999999	0.198333333333333	0.254395968204249	3.3333333333333335	10.0	13.333333333333334	6.666666666666667	3.3333333333333335	10.0
peptide_pv_20	KLLKKLLKLWKKLLKKLK	HEMO	0	0	44.444	5.556	50	50	50	50	0	8.97446840335471	11.7034700673978	173.333333333333	-19.85	0.458888888888889	-0.233888888888889	0.823548791817768	11.11111111111111	5.555555555555555	0.0	11.11111111111111	0.0	5.555555555555555
peptide_pv_21	KWKKLLKKLLKLLKKLLK	HEMO	0	0	44.444	5.556	50	50	50	50	0	8.97446840335471	11.7034700673978	173.333333333333	-28.2888888888889	0.458888888888889	-0.233888888888889	0.844218185382013	11.11111111111111	5.555555555555555	0.0	11.11111111111111	0.0	5.555555555555555
peptide_pv_22	GIGKFIHAAKKFGKLFIGEIMNS	HEMO	30.435	34.783	30.435	17.391	65.217	34.783	26.087	21.739	4.348	3.21677114023992	10.8027327717059	93.4782608695652	5.26086956521739	0.0191304347826087	0.254347826086956	0.698757663148686	4.3478260869565215	17.391304347826086	30.434782608695656	4.3478260869565215	21.73913043478261	17.391304347826086
peptide_pv_23	SWLRDLWDWICEVLSDFK	HEMO	16.667	38.889	27.778	22.222	55.556	44.444	33.333	11.111	22.222	-2.05128203946391	4.06269221379624	102.777777777778	27.6166666666667	1.40388888888889	0.0955555555555556	0.720317738019451	11.11111111111111	22.22222222222222	5.555555555555555	11.11111111111111	5.555555555555555	22.22222222222222
peptide_pv_24	MSDFVNAISEAVKAGLSADWVTMGTSIADALAKGADFILGFFN	HEMO	41.86	62.791	39.535	11.628	65.116	34.884	16.279	4.651	11.628	-3.01999021359072	3.88420334037543	93.2558139534884	8.97209302325581	0.13906976744186	0.338837209302326	0.655524303097612	9.30232558139535	6.976744186046512	2.3255813953488373	2.3255813953488373	4.651162790697675	6.976744186046512
peptide_pv_25	GFKDLLKGAAKALVKTVLF	HEMO	31.579	47.368	47.368	10.526	68.421	31.579	26.316	21.053	5.263	2.97605442215469	10.8027154590692	128.421052631579	-13.3578947368421	-0.396842105263158	0.244736842105263	0.679356235775432	5.263157894736842	15.789473684210526	84.21052631578947	5.263157894736842	10.526315789473683	15.789473684210526
peptide_pv_26	GLLSGVLGVGKKVLCGLSGLC	HEMO	47.619	61.905	42.857	0	80.952	19.048	9.524	9.524	0	1.91427079272181	8.8216667434729	152.857142857143	-2.6047619047619	-1.52095238095238	0.461904761904762	0.447209282610947	4.761904761904762	52.38095238095239	19.047619047619047	4.761904761904762	19.047619047619047	52.38095238095239
peptide_pv_27	LKLLLLKLLKLKLWK	HEMO	0	0	60	6.667	66.667	33.333	33.333	33.333	0	4.97510226017216	11.402903314713	234	-20.16	-1.25733333333333	0.19	0.408370032396217	6.666666666666667	13.333333333333334	0.0	6.666666666666667	0.0	13.333333333333334
peptide_pv_28	FIGLLISAGKAIHDLIRRRH	HEMO	25	30	45	15	60	40	35	30	5	3.45702647466888	12.2226173340452	146.5	78.335	1.4415	0.056	0.829640357883083	5.0	50.0	35.0	10.0	5.0	50.0
peptide_pv_29	KWKSFLKTFKSAKKTVLHTALKLISS	HEMO	34.615	38.462	30.769	15.385	42.308	57.692	30.769	30.769	0	7.21503840511547	11.5786825781606	93.8461538461538	3.29230769230769	0.933461538461538	-0.0246153846153846	0.65239727939574	7.6923076923076925	3.8461538461538463	15.384615384615385	7.6923076923076925	15.384615384615385	3.8461538461538463
peptide_pv_30	GIFSKINKKKAKTGLFNIIKTVGKEAGMDVIRAGIDTISCKIKGEC	HEMO	34.783	47.826	30.435	4.348	54.348	45.652	30.435	21.739	8.696	5.91726046160267	10.5037500206736	95.4347826086956	17.7586956521739	1.07434782608696	0.0265217391304348	0.641327279034102	2.1739130434782608	10.869565217391305	8.695652173913043	2.1739130434782608	6.521739130434782	10.869565217391305
peptide_pv_31	RKCNFLCKLKEKLRTVITSHIDKVLRPQG	HEMO	20.69	37.931	27.586	6.897	44.828	55.172	37.931	31.034	6.897	6.15609002694731	10.9505940332413	100.689655172414	31.551724137931	2.39103448275862	-0.258965517241379	0.728336276052798	10.344827586206897	3.4482758620689653	51.724137931034484	20.689655172413794	10.344827586206897	3.4482758620689653
peptide_pv_32	ILPWKWPWLPWRR	HEMO	0	23.077	23.077	30.769	76.923	23.077	23.077	23.077	0	2.97572979245429	12.5164608828312	90	100.584615384615	0.87	0.0415384615384616	0.426352556828138	7.6923076923076925	38.46153846153847	23.076923076923077	7.6923076923076925	0.0	23.076923076923077
peptide_pv_33	GFFALIPKIISSPLFKTLLSAVGSALSSSGGQE	HEMO	45.455	54.545	36.364	9.091	63.636	36.364	9.091	6.061	3.03	0.976834995296599	9.53731537393642	112.424242424242	39.5242424242424	-0.354848484848485	0.37	0.498854380679027	3.0303030303030303	24.242424242424242	21.21212121212121	3.0303030303030303	6.0606060606060606	21.21212121212121
peptide_pv_34	CGESCVWIPCISAALGCSCKNKVCYRNGIP	HEMO	46.667	66.667	26.667	6.667	70	30	13.333	10	3.333	1.79211755506048	8.11138471602031	78	24.06	0.408	0.157333333333333	0.258142916071443	3.3333333333333335	10.0	13.333333333333334	6.666666666666667	3.3333333333333335	10.0
peptide_pv_35	GLLSVLKGVLKTAGKHIFKNVGGSLLDQAKCKISGEC	HEMO	37.838	51.351	35.135	5.405	59.459	40.541	24.324	18.919	5.405	4.15594104954593	10.1381801607177	113.243243243243	16.9486486486486	0.328648648648649	0.134864864864865	0.61452083516331	2.7027027027027026	18.91891891891892	10.81081081081081	2.7027027027027026	10.81081081081081	18.91891891891892
peptide_pv_36	GIGAVLKVLSTGLPALISWIKRKRQQ	HEMO	30.769	42.308	42.308	3.846	61.538	38.462	19.231	19.231	0	4.97541286404556	12.5460704045918	135	44.7307692307692	0.601923076923077	0.0953846153846154	0.567571024967157	3.8461538461538463	26.923076923076923	38.46153846153847	3.8461538461538463	38.46153846153847	26.923076923076923
peptide_pv_37	FLALIGRVLSGIL	HEMO	30.769	38.462	61.538	7.692	84.615	15.385	7.692	7.692	0	0.975891418926308	10.5499991946977	210	17.5153846153846	-1.68538461538462	0.626153846153846	0.54421733166931	7.6923076923076925	53.84615384615385	76.92307692307693	15.384615384615385	7.6923076923076925	53.84615384615385
peptide_pv_38	ILPWKWPLLPWRR	HEMO	0	23.077	30.769	23.077	76.923	23.077	23.077	23.077	0	2.97572979245429	12.5164608828312	120	93.3076923076923	0.670769230769231	0.0607692307692308	0.426545151009036	7.6923076923076925	38.46153846153847	23.076923076923077	7.6923076923076925	0.0	23.076923076923077
peptide_pv_39	KKLFKKILKFL	HEMO	0	0	36.364	18.182	54.545	45.455	45.455	45.455	0	4.97510226017216	11.402903314713	141.818181818182	-10.2181818181818	0.191818181818182	-0.0509090909090909	0.840965481677471	27.27272727272727	9.090909090909092	0.0	27.27272727272727	36.36363636363637	9.090909090909092
peptide_pv_40	CGESCVYIPCLTSAVGCSCKSKVCYRNGIP	HEMO	50	70	23.333	6.667	66.667	33.333	13.333	10	3.333	1.79132385728231	8.10836084341021	71.3333333333333	17.2433333333333	0.557666666666667	0.126666666666667	0.299920106429328	3.3333333333333335	10.0	13.333333333333334	6.666666666666667	3.3333333333333335	10.0
peptide_pv_41	HFLLKLVNLAKKIL	HEMO	7.143	21.429	57.143	14.286	64.286	35.714	28.571	28.571	0	3.21567226193292	11.1030697105023	195	-2.55714285714286	-0.742857142857143	0.277857142857143	0.597115182173016	14.285714285714285	35.714285714285715	7.142857142857142	21.428571428571427	14.285714285714285	7.142857142857142
peptide_pv_42	GFKKLLKGAAKALVKTVLF	HEMO	31.579	42.105	47.368	10.526	68.421	31.579	26.316	26.316	0	4.97510226017216	11.402903314713	128.421052631579	-17.8263157894737	-0.563684210526316	0.213157894736842	0.719807963850362	5.263157894736842	15.789473684210526	84.21052631578947	5.263157894736842	10.526315789473683	15.789473684210526
peptide_pv_43	LCYCFRRRCVCV	HEMO	33.333	50	25	16.667	75	25	25	25	0	2.85247767648596	8.68293684061343	80.8333333333333	92.0666666666667	1.98333333333333	-0.146666666666667	0.27173139368926	8.333333333333332	50.0	25.0	8.333333333333332	16.666666666666664	50.0
peptide_pv_44	QRLFQVKGRR	HEMO	10	20	20	10	40	60	40	40	0	3.97572663018663	12.8074300993045	68	47.37	4.851	-0.698	0.519105646942663	30.0	10.0	0.0	30.0	10.0	20.0
peptide_pv_45	ILPWKKPKLPWRR	HEMO	0	23.077	23.077	15.385	61.538	38.462	38.462	38.462	0	4.97541286404556	12.5460704045918	90	80.9769230769231	2.08230769230769	-0.313846153846154	0.498524502721517	7.6923076923076925	38.46153846153847	23.076923076923077	7.6923076923076925	0.0	23.076923076923077
peptide_pv_46	GVVDILKGAAKDLAGHLATKVMNKL	HEMO	32	56	48	4	64	36	28	20	8	2.2171011932849	10.3334198737551	128.8	3.784	0.1752	0.1756	0.571321870368955	4.0	16.0	64.0	4.0	92.0	16.0
peptide_pv_47	LLKWLLKWLKK	HEMO	0	0	45.455	18.182	63.636	36.364	36.364	36.364	0	3.97526072437652	11.2783537870744	177.272727272727	8.37272727272727	-0.641818181818182	0.0836363636363637	0.732003088077884	9.090909090909092	27.27272727272727	0.0	9.090909090909092	0.0	27.27272727272727
peptide_pv_48	KNWKGIAGMAKKLLGKNW	HEMO	27.778	38.889	27.778	11.111	61.111	38.889	27.778	27.778	0	4.97510226017216	11.402903314713	76.1111111111111	-14.0888888888889	0.712222222222222	-0.0344444444444444	0.567508915744581	16.666666666666664	5.555555555555555	50.0	16.666666666666664	11.11111111111111	5.555555555555555
peptide_pv_49	KVLKAAAKAALNAVLVGANA	HEMO	45	70	70	0	75	25	15	15	0	2.97541918858088	11.1030807050134	142	-7.48	-0.6185	0.29	0.541815584458904	10.0	5.0	0.0	10.0	60.0	5.0
peptide_pv_50	RRWPLKPKKWPLI	HEMO	0	23.077	23.077	15.385	61.538	38.462	38.462	38.462	0	4.97541286404556	12.5460704045918	90	85.0230769230769	2.08230769230769	-0.313846153846154	0.498524502721518	23.076923076923077	7.6923076923076925	30.76923076923077	23.076923076923077	0.0	7.6923076923076925
peptide_pv_51	GCASRCKAKCAGRRCKGWASASFRGRCYCKCFRC	HEMO	58.824	58.824	14.706	11.765	61.765	38.235	29.412	29.412	0	9.72922061273866	10.1154910036904	14.7058823529412	26.4323529411765	2.66823529411765	-0.321470588235294	0.501067793195018	2.941176470588235	14.705882352941178	11.76470588235294	2.941176470588235	5.88235294117647	14.705882352941178
peptide_pv_52	LLGDEFRKSKEKIGKEFKRIVQRIKDFLRNLVPRTES	HEMO	13.514	29.73	24.324	8.108	40.541	59.459	45.946	29.73	16.216	4.98154475023125	11.0477248095614	89.4594594594595	25.3810810810811	3.26459459459459	-0.358378378378378	0.966338907997788	2.7027027027027026	10.81081081081081	24.324324324324326	2.7027027027027026	16.216216216216218	10.81081081081081
peptide_pv_53	GALRGCWTKSYPPKPCK	HEMO	41.176	58.824	11.765	11.765	64.706	35.294	23.529	23.529	0	3.91331546847162	10.1439382620619	28.8235294117647	25.5588235294118	1.42235294117647	-0.153529411764706	0.261725806509016	5.88235294117647	23.52941176470588	47.05882352941176	5.88235294117647	35.294117647058826	23.52941176470588
peptide_pv_54	KWKSFLKTFKSAKKTVLHTALKAISS	HEMO	38.462	42.308	30.769	15.385	42.308	57.692	30.769	30.769	0	7.21503840511547	11.5786825781606	82.6923076923077	6.55769230769231	1.05307692307692	-0.0415384615384615	0.65239727939574	7.6923076923076925	3.8461538461538463	15.384615384615385	7.6923076923076925	15.384615384615385	3.8461538461538463
peptide_pv_55	KWKSFLKTFKSAKKKVLHKALKAISK	HEMO	26.923	30.769	30.769	15.385	42.308	57.692	42.308	42.308	0	10.2145630125024	11.7545879109653	82.6923076923077	7.89230769230769	1.365	-0.203846153846154	0.708986099447893	7.6923076923076925	3.8461538461538463	15.384615384615385	7.6923076923076925	15.384615384615385	3.8461538461538463
peptide_pv_56	LLKWLKKLLKK	HEMO	0	0	45.455	9.091	54.545	45.455	45.455	45.455	0	4.97510226017216	11.402903314713	177.272727272727	-10.5636363636364	0.0745454545454545	-0.126363636363636	0.799866222522932	9.090909090909092	27.27272727272727	0.0	9.090909090909092	0.0	27.27272727272727
peptide_pv_57	WLKKLLKKLLK	HEMO	0	0	45.455	9.091	54.545	45.455	45.455	45.455	0	4.97510226017216	11.402903314713	177.272727272727	-18.2818181818182	0.0745454545454545	-0.126363636363636	0.778824754999799	9.090909090909092	27.27272727272727	0.0	9.090909090909092	0.0	27.27272727272727
peptide_pv_58	LKLKSIVSWAKAVL	HEMO	28.571	42.857	57.143	7.143	64.286	35.714	21.429	21.429	0	2.97541918858088	11.1030807050134	167.142857142857	-25.7071428571429	-0.732857142857143	0.279285714285714	0.553105488056094	7.142857142857142	14.285714285714285	35.714285714285715	7.142857142857142	35.714285714285715	14.285714285714285
peptide_pv_59	KWKSFLRTFKSPVRTVFHTALKPISS	HEMO	30.769	46.154	23.077	19.231	46.154	53.846	26.923	26.923	0	6.21550747319324	12.5595714497318	71.1538461538462	38.6384615384615	1.61884615384615	-0.055	0.811752790911736	7.6923076923076925	3.8461538461538463	15.384615384615385	7.6923076923076925	15.384615384615385	3.8461538461538463
peptide_pv_60	GWGSFFKKAAHVGKHVGKAALTHYL	HEMO	40	48	32	28	64	36	28	28	0	4.69522624665448	10.8660755227766	70.4	4.972	0.2032	0.188	0.593015358237507	4.0	28.000000000000004	16.0	4.0	16.0	28.000000000000004
peptide_pv_61	FVDLKKIANIINSIF	HEMO	13.333	40	46.667	13.333	60	40	20	13.333	6.667	0.976371350563413	9.53730087392893	156	17.2866666666667	0.00599999999999999	0.334666666666667	0.736653992510766	6.666666666666667	20.0	86.66666666666667	13.333333333333334	6.666666666666667	20.0
peptide_pv_62	SWLRDLWDWICELLSDFK	HEMO	16.667	33.333	27.778	22.222	55.556	44.444	33.333	11.111	22.222	-2.05128203946391	4.06269221379624	108.333333333333	27.6166666666667	1.355	0.0944444444444445	0.718922423551674	11.11111111111111	22.22222222222222	5.555555555555555	11.11111111111111	5.555555555555555	22.22222222222222
peptide_pv_63	KILRGVSKKIMRTFLRRILTGKK	HEMO	21.739	26.087	30.435	4.348	47.826	52.174	39.13	39.13	0	8.97508961110151	12.9956880159573	114.347826086957	51.595652173913	2.4	-0.291739130434783	0.864267471204363	8.695652173913043	4.3478260869565215	30.434782608695656	8.695652173913043	30.434782608695656	4.3478260869565215
peptide_pv_64	ILGKLLSTAAKLLSKL	HEMO	37.5	37.5	56.25	0	62.5	37.5	18.75	18.75	0	2.97541918858088	11.1030807050134	183.125	0.1875	-0.81125	0.284375	0.582946119560475	6.25	25.0	43.75	6.25	43.75	25.0
peptide_pv_65	FVPWFSKFLGRIL	HEMO	15.385	30.769	30.769	30.769	76.923	23.077	15.385	15.385	0	1.97573295472195	11.6517686762183	112.307692307692	36.6461538461539	-0.549230769230769	0.411538461538462	0.625218496584477	7.6923076923076925	53.84615384615385	23.076923076923077	15.384615384615385	7.6923076923076925	23.076923076923077
peptide_pv_66	MQFITDLIKKAVDFFKGLFGNK	HEMO	18.182	36.364	27.273	18.182	59.091	40.909	27.273	18.182	9.091	1.97684811993286	10.3333461449406	88.6363636363636	-15.2136363636364	0.577727272727273	0.157272727272727	0.736296525303169	13.636363636363635	9.090909090909092	4.545454545454546	4.545454545454546	9.090909090909092	27.27272727272727
peptide_pv_67	FLSSIGKILGNLL	HEMO	30.769	38.462	46.154	7.692	69.231	30.769	7.692	7.692	0	0.975736116989606	9.70001568333414	180	19.2692307692308	-1.18384615384615	0.500769230769231	0.575033618619534	7.6923076923076925	53.84615384615385	23.076923076923077	15.384615384615385	7.6923076923076925	53.84615384615385
peptide_pv_68	ILPLKWPWWPWRR	HEMO	0	23.077	23.077	30.769	76.923	23.077	23.077	23.077	0	2.97572979245429	12.5164608828312	90	71.9615384615385	0.87	0.0415384615384616	0.463472699721566	7.6923076923076925	38.46153846153847	23.076923076923077	7.6923076923076925	0.0	23.076923076923077
peptide_pv_69	KNWKGIAGMAKKLLGKNWKLM	HEMO	23.81	33.333	28.571	9.524	61.905	38.095	28.571	28.571	0	5.9749437959678	11.4996122171604	83.8095238095238	-14.6904761904762	0.528571428571428	-0.02	0.567508915744581	14.285714285714285	4.761904761904762	42.857142857142854	14.285714285714285	9.523809523809524	4.761904761904762
peptide_pv_70	HFLKTLVNLAKKIL	HEMO	14.286	28.571	50	14.286	57.143	42.857	28.571	28.571	0	3.21567226193292	11.1030697105023	167.142857142857	3.50714285714286	-0.207857142857143	0.198571428571429	0.712367359957246	14.285714285714285	28.57142857142857	7.142857142857142	21.428571428571427	14.285714285714285	7.142857142857142
peptide_pv_71	GLLDFVTGVGKDIFAQLIKQI	HEMO	23.81	42.857	42.857	9.524	66.667	33.333	19.048	9.524	9.524	-0.0228349516584175	6.44727085578445	143.809523809524	-3.00476190476191	-0.285714285714286	0.350952380952381	0.617881939610787	4.761904761904762	19.047619047619047	33.33333333333333	4.761904761904762	23.809523809523807	19.047619047619047
peptide_pv_72	FHPSLWVLIPQYIQLIRKILKSG	HEMO	13.043	26.087	39.13	17.391	65.217	34.783	17.391	17.391	0	3.21503386609146	10.901851457469	148.260869565217	28.1260869565217	-0.0413043478260869	0.253478260869565	0.78680933199576	4.3478260869565215	47.82608695652174	8.695652173913043	21.73913043478261	4.3478260869565215	8.695652173913043
peptide_pv_73	ILGKLLSWAAGLLSNL	HEMO	37.5	43.75	56.25	6.25	75	25	6.25	6.25	0	0.975736116989606	9.70001568333414	183.125	1.40625	-1.455	0.506875	0.371276772864536	6.25	25.0	43.75	6.25	43.75	25.0
peptide_pv_74	GLMDTVKNAAKNLAGQMLDKLKCKITGSC	HEMO	37.931	55.172	31.034	0	55.172	44.828	24.138	17.241	6.897	2.91538279566506	9.54853299363629	87.5862068965517	0.0827586206896556	0.979310344827586	-0.00448275862068965	0.61686087839051	3.4482758620689653	13.793103448275861	10.344827586206897	3.4482758620689653	27.586206896551722	13.793103448275861
peptide_pv_75	FLSIIAKVLGSLF	HEMO	30.769	38.462	53.846	15.385	76.923	23.077	7.692	7.692	0	0.975736116989606	9.70001568333414	180	2.7	-1.92307692307692	0.664615384615385	0.475710961203104	7.6923076923076925	53.84615384615385	23.076923076923077	15.384615384615385	7.6923076923076925	53.84615384615385
peptide_pv_76	FLAGLIGGLAKMLGK	HEMO	40	40	46.667	6.667	86.667	13.333	13.333	13.333	0	1.97557765278524	10.8053935283569	143.333333333333	33.6333333333333	-1.74733333333333	0.507333333333333	0.521023683726368	6.666666666666667	73.33333333333333	80.0	13.333333333333334	6.666666666666667	73.33333333333333
peptide_pv_77	KLLKWLKKLLK	HEMO	0	0	45.455	9.091	54.545	45.455	45.455	45.455	0	4.97510226017216	11.402903314713	177.272727272727	-18.2818181818182	0.0745454545454545	-0.126363636363636	0.842243776398747	18.181818181818183	9.090909090909092	0.0	18.181818181818183	0.0	9.090909090909092
peptide_pv_78	LRLEYRRFEYRV	HEMO	0	8.333	25	25	50	50	50	33.333	16.667	1.9768092215897	10.1117727148235	89.1666666666667	44.7666666666667	4.72666666666667	-0.5575	0.347998464044636	8.333333333333332	16.666666666666664	41.66666666666667	8.333333333333332	41.66666666666667	16.666666666666664
peptide_pv_79	IWRIFRRIFRIF	HEMO	0	0	33.333	33.333	66.667	33.333	33.333	33.333	0	3.97588193212333	12.977126078135	130	56.9	2.39416666666667	-0.0183333333333333	1.15867770116119	8.333333333333332	25.0	0.0	8.333333333333332	41.66666666666667	25.0
peptide_pv_80	KWKSFLKTFKSLKKTVLHTALKAISS	HEMO	34.615	38.462	30.769	15.385	42.308	57.692	30.769	30.769	0	7.21503840511547	11.5786825781606	93.8461538461538	3.29230769230769	0.933461538461538	-0.0246153846153846	0.686001571764721	7.6923076923076925	3.8461538461538463	15.384615384615385	7.6923076923076925	15.384615384615385	3.8461538461538463
peptide_pv_81	TCYCRRRFCVCVGR	HEMO	42.857	57.143	14.286	14.286	64.286	35.714	28.571	28.571	0	3.8524745142183	9.07675510496608	41.4285714285714	74.2785714285714	3.23357142857143	-0.351428571428571	0.392516260887938	14.285714285714285	35.714285714285715	7.142857142857142	7.142857142857142	14.285714285714285	35.714285714285715
peptide_pv_82	FLPVLAGIAAKVVPALFCKITKKC	HEMO	33.333	54.167	50	8.333	79.167	20.833	16.667	16.667	0	3.91395386431309	10.3487915463083	134.166666666667	31.0708333333333	-1.19375	0.387083333333333	0.494202745344994	4.166666666666666	45.83333333333333	12.5	8.333333333333332	4.166666666666666	12.5
peptide_pv_83	CGESCVWIPCLTSAIGCSCKSKVCYRNGIP	HEMO	50	66.667	23.333	6.667	66.667	33.333	13.333	10	3.333	1.79211755506048	8.11138471602031	74.6666666666667	22.5866666666667	0.446	0.155	0.324489541740976	3.3333333333333335	10.0	13.333333333333334	6.666666666666667	3.3333333333333335	10.0
peptide_pv_84	ALWFTMLKKLGTMALHAGKAALGAAANTISQGTQ	HEMO	50	52.941	41.176	8.824	64.706	35.294	11.765	11.765	0	3.21567226193292	11.1030697105023	92.3529411764706	6.26764705882353	-0.148823529411765	0.267058823529412	0.459110887966871	2.941176470588235	23.52941176470588	14.705882352941178	2.941176470588235	11.76470588235294	23.52941176470588
peptide_pv_85	FRFGSFLKKVWKSKLAKKLRSKGKQLLKDYANKVLNGPEEEAAAPAE	HEMO	25.532	40.426	29.787	10.638	51.064	48.936	36.17	25.532	10.638	6.97933298466045	10.8216058246568	74.8936170212766	46.4659574468085	1.87042553191489	-0.176808510638298	0.764740441627475	2.127659574468085	4.25531914893617	10.638297872340425	8.51063829787234	2.127659574468085	4.25531914893617
peptide_pv_86	RRRRRRAAFAAWAAFAA	HEMO	47.059	47.059	47.059	17.647	64.706	35.294	35.294	35.294	0	5.97587560758801	13.1989917990124	47.0588235294118	169.041176470588	3.92647058823529	-0.413529411764706	0.353165115486742	41.17647058823529	5.88235294117647	0.0	41.17647058823529	52.94117647058824	5.88235294117647
peptide_pv_87	GVWTTILGGLKKFAKGGLEALTNPK	HEMO	40	52	32	8	64	36	20	16	4	2.97651806688787	10.8027154843521	97.6	7.208	0.0435999999999999	0.1916	0.614333317183196	4.0	44.0	16.0	4.0	52.0	44.0
peptide_pv_88	MGIIAGIIKVIKSLIEQFTGK	HEMO	28.571	33.333	42.857	4.762	66.667	33.333	19.048	14.286	4.762	1.97667653109224	10.5069016800854	148.571428571429	7.72857142857143	-0.641428571428571	0.38047619047619	0.705130384023712	9.523809523809524	42.857142857142854	4.761904761904762	4.761904761904762	61.904761904761905	42.857142857142854
peptide_pv_89	KWKSFLKTFKSAKKKVLHKALKAISS	HEMO	30.769	34.615	30.769	15.385	42.308	57.692	38.462	38.462	0	9.21472147670675	11.7034732108287	82.6923076923077	15.3	1.28230769230769	-0.153076923076923	0.708986099447893	7.6923076923076925	3.8461538461538463	15.384615384615385	7.6923076923076925	15.384615384615385	3.8461538461538463
peptide_pv_90	GFGTILKALAKIAGKVVKKLATKPGATYMLKENLK	HEMO	34.286	45.714	40	5.714	62.857	37.143	25.714	22.857	2.857	6.97509051229226	11.046394591286	108.857142857143	2.96285714285714	0.144	0.108	0.701215645599619	2.857142857142857	20.0	11.428571428571429	2.857142857142857	5.714285714285714	20.0
peptide_pv_91	GFFALIAKIISSPLFKTL	HEMO	33.333	38.889	44.444	16.667	72.222	27.778	11.111	11.111	0	1.97557765278524	10.8053935283569	141.111111111111	31.4888888888889	-1.25277777777778	0.517777777777778	0.491325805073314	5.555555555555555	44.44444444444444	61.111111111111114	5.555555555555555	11.11111111111111	44.44444444444444
peptide_pv_92	LNWGAFLKHFFK	HEMO	16.667	25	25	41.667	66.667	33.333	25	25	0	2.21583072613729	10.8054234904202	73.3333333333333	-43.4333333333333	-0.121666666666667	0.285	0.538041928101113	8.333333333333332	16.666666666666664	75.0	8.333333333333332	16.666666666666664	66.66666666666666
peptide_pv_93	IFGAILPLALGALKNLIK	HEMO	27.778	38.889	61.111	5.556	83.333	16.667	11.111	11.111	0	1.97557765278524	10.8053935283569	190	11.9777777777778	-1.77277777777778	0.543888888888889	0.476631003685527	5.555555555555555	77.77777777777779	38.88888888888889	5.555555555555555	11.11111111111111	38.88888888888889
peptide_pv_94	KLKLLKLLKLLKLLK	HEMO	0	0	60	0	60	40	40	40	0	5.9749437959678	11.4996122171604	234	-47.2666666666667	-0.732	0.036	0.487298408429092	13.333333333333334	6.666666666666667	0.0	13.333333333333334	0.0	6.666666666666667
peptide_pv_95	FLPILAGLAAKLVPKVFCSITKKC	HEMO	33.333	50	45.833	8.333	75	25	16.667	16.667	0	3.91395386431309	10.3487915463083	134.166666666667	26.5833333333333	-1.01333333333333	0.352916666666667	0.605102874232609	4.166666666666666	45.83333333333333	12.5	8.333333333333332	4.166666666666666	12.5
peptide_pv_96	LLQWLSKLLGRLL	HEMO	15.385	15.385	53.846	7.692	69.231	30.769	15.385	15.385	0	1.97573295472195	11.6517686762183	210	37.2692307692308	-0.638461538461539	0.280769230769231	0.656894058633985	7.6923076923076925	23.076923076923077	46.15384615384615	7.6923076923076925	23.076923076923077	53.84615384615385
peptide_pv_97	RLCYTRGRFTVCVR	HEMO	35.714	50	21.429	14.286	57.143	42.857	28.571	28.571	0	3.91378137428173	10.9990027273707	69.2857142857143	-8.22857142857143	3.24857142857143	-0.320714285714286	0.286647259463761	14.285714285714285	7.142857142857142	28.57142857142857	14.285714285714285	21.428571428571427	7.142857142857142
peptide_pv_98	RGGRLCYCRRRFCVCA	HEMO	43.75	50	18.75	12.5	68.75	31.25	31.25	31.25	0	4.85247135195064	9.71590696277697	48.75	78.66875	3.374375	-0.395	0.349747355760674	12.5	6.25	43.75	12.5	37.5	6.25
peptide_pv_99	KKKKKKKKKKKKKKKKKKKKGIGKFLHSAKKFGKAFVGEIMNS	HEMO	18.605	23.256	13.953	9.302	32.558	67.442	60.465	58.14	2.326	23.2136018561527	11.8415446153558	38.6046511627907	2.62093023255814	2.80558139534884	-0.604883720930233	0.68623891660685	48.837209302325576	2.3255813953488373	62.7906976744186	48.837209302325576	58.139534883720934	2.3255813953488373
peptide_pv_100	WEAKLAKALAKALAKHLAKALAKALKACEA	HEMO	43.333	43.333	60	6.667	66.667	33.333	33.333	26.667	6.667	5.18689966010647	10.6788392899124	118	18.6533333333333	0.0759999999999999	0.084	0.672465762467421	3.3333333333333335	6.666666666666667	53.333333333333336	3.3333333333333335	93.33333333333333	6.666666666666667
peptide_pv_101	GFFALIPKIISSPLFKTLLSAVGSALSSSGEQE	HEMO	42.424	51.515	36.364	9.091	60.606	39.394	12.121	6.061	6.061	-0.0219076621920458	6.53076330968172	112.424242424242	39.3363636363636	-0.12	0.333030303030303	0.498854380679027	3.0303030303030303	24.242424242424242	21.21212121212121	3.0303030303030303	6.0606060606060606	21.21212121212121
peptide_pv_102	KWCFRVCYRGICYRRC	HEMO	31.25	37.5	12.5	25	68.75	31.25	31.25	31.25	0	4.85152235223577	9.51207571876936	42.5	13.425	2.82375	-0.3125	0.652440464696459	12.5	6.25	50.0	12.5	18.75	6.25
peptide_pv_103	NWKGIAAMAKKLL	HEMO	30.769	38.462	46.154	7.692	69.231	30.769	23.077	23.077	0	2.97541918858088	11.1030807050134	113.076923076923	-8.84615384615385	-0.193846153846154	0.154615384615385	0.555581458169283	15.384615384615385	7.6923076923076925	61.53846153846154	15.384615384615385	7.6923076923076925	23.076923076923077
peptide_pv_104	CGESCVWIPCLTSAVGCSCKSKVCYRNGIP	HEMO	50	70	23.333	6.667	66.667	33.333	13.333	10	3.333	1.79211755506048	8.11138471602031	71.3333333333333	19.7566666666667	0.475333333333333	0.145	0.299920106429328	3.3333333333333335	10.0	13.333333333333334	6.666666666666667	3.3333333333333335	10.0
peptide_pv_105	CWKWKWKWGSGWKWKWKWC	HEMO	26.316	26.316	0	42.105	63.158	36.842	31.579	31.579	0	5.91363693590437	10.8046424195381	0	22.9736842105263	0.716842105263158	-0.0610526315789474	0.315634664193034	5.263157894736842	15.789473684210526	52.63157894736842	10.526315789473683	5.263157894736842	15.789473684210526
peptide_pv_106	SWLRDIWDWGCEVLSDFK	HEMO	22.222	44.444	22.222	22.222	55.556	44.444	33.333	11.111	22.222	-2.05128203946391	4.06269221379624	81.1111111111111	8.7	1.625	0.0633333333333334	0.671962521508448	11.11111111111111	22.22222222222222	5.555555555555555	11.11111111111111	5.555555555555555	22.22222222222222
peptide_pv_107	FLGFLKNLF	HEMO	11.111	22.222	33.333	33.333	77.778	22.222	11.111	11.111	0	0.975736116989606	9.70001568333414	130	-0.544444444444445	-1.38333333333333	0.55	0.535522711259131	11.11111111111111	66.66666666666666	0.0	22.22222222222222	11.11111111111111	66.66666666666666
peptide_pv_108	MDFIIDIIKKIVGLFTGK	HEMO	16.667	33.333	38.889	11.111	66.667	33.333	27.778	16.667	11.111	0.97700658413722	9.441551092443	146.111111111111	-23.0444444444444	-0.393888888888889	0.370555555555556	0.717610254342414	16.666666666666664	11.11111111111111	5.555555555555555	5.555555555555555	16.666666666666664	11.11111111111111
peptide_pv_109	SWLRDIWDWICEVLSDFK	HEMO	16.667	38.889	27.778	22.222	55.556	44.444	33.333	11.111	22.222	-2.05128203946391	4.06269221379624	102.777777777778	14.4611111111111	1.40388888888889	0.113333333333333	0.747748678375838	11.11111111111111	22.22222222222222	5.555555555555555	11.11111111111111	5.555555555555555	22.22222222222222
peptide_pv_110	KKKKKKAAAFAAAAAFAAWAAFAAA	HEMO	60	60	60	16	76	24	24	24	0	5.9749437959678	11.4996122171604	60	3.588	-0.2048	0.1872	0.250822529988364	28.000000000000004	4.0	0.0	28.000000000000004	40.0	4.0
peptide_nv_1	LLNAGVPLKAPVAG	NonHEMO	35.714	71.429	57.143	0	85.714	14.286	7.143	7.143	0	0.975736116989606	9.70001568333414	146.428571428571	44.4928571428571	-1.28285714285714	0.437142857142857	0.141999548929828	7.142857142857142	21.428571428571427	50.0	7.142857142857142	21.428571428571427	50.0
peptide_nv_2	QAAQPVVEPVV	NonHEMO	18.182	72.727	54.545	0	72.727	27.273	9.091	0	9.091	-1.02284807629468	3.84997403782626	123.636363636364	79.1272727272727	-0.171818181818182	0.305454545454545	0.437792796246556	18.181818181818183	9.090909090909092	45.45454545454545	18.181818181818183	9.090909090909092	45.45454545454545
peptide_nv_3	KHFGRVAPHGKEWKWMMENVLGV	NonHEMO	17.391	39.13	21.739	21.739	60.87	39.13	34.783	26.087	8.696	2.45843685804002	10.5007067317991	59.1304347826087	7.73913043478261	1.18	0.0208695652173913	0.572681008973396	13.043478260869565	4.3478260869565215	8.695652173913043	17.391304347826086	13.043478260869565	4.3478260869565215
peptide_nv_4	LVDFATEQNASILV	NonHEMO	28.571	57.143	50	7.143	57.143	42.857	14.286	0	14.286	-2.02205437851651	3.55006432834579	139.285714285714	34.4357142857143	0.302857142857143	0.327857142857143	0.217505913953819	7.142857142857142	21.428571428571427	42.857142857142854	7.142857142857142	28.57142857142857	21.428571428571427
peptide_nv_5	EKDFKIKEKPKEE	NonHEMO	0	15.385	7.692	7.692	23.077	76.923	76.923	38.462	38.462	-0.0190746720042525	6.69252012091967	30	-1.91538461538461	4.29307692307692	-0.666923076923077	0.185171477590387	30.76923076923077	7.6923076923076925	76.92307692307693	46.15384615384615	30.76923076923077	7.6923076923076925
peptide_nv_6	DTKALYLSKRAELAPCHRLKKKGSSSVRTQSSE	NonHEMO	39.394	48.485	24.242	6.061	36.364	63.636	36.364	27.273	9.091	5.18720710171221	10.6864783322822	65.1515151515152	57.6818181818182	3.01090909090909	-0.350606060606061	0.63923475300905	12.121212121212121	3.0303030303030303	6.0606060606060606	6.0606060606060606	18.181818181818183	3.0303030303030303
peptide_nv_7	ITLYILAFMVPT	NonHEMO	25	41.667	50	16.667	83.333	16.667	0	0	0	-0.0248991165842006	6.09322134945637	162.5	41.2666666666667	-2.13166666666667	0.724166666666667	0.0848565154177335	8.333333333333332	0.0	16.666666666666664	8.333333333333332	33.33333333333333	91.66666666666666
peptide_nv_8	DGEMGILPGHINLIAPLNVHQMKINRS	NonHEMO	18.519	44.444	33.333	7.407	59.259	40.741	22.222	14.815	7.407	0.458290141715555	7.713442044456	115.555555555556	54.4962962962963	0.976666666666667	0.13037037037037	0.309577011367398	7.4074074074074066	3.7037037037037033	14.814814814814813	7.4074074074074066	44.44444444444444	3.7037037037037033
peptide_nv_9	REGTDLFLKSG	NonHEMO	36.364	45.455	18.182	9.091	45.455	54.545	36.364	18.182	18.182	-0.0222160049885294	6.49431679316992	70.9090909090909	-6.34545454545455	2.47909090909091	-0.148181818181818	0.51848119041376	27.27272727272727	9.090909090909092	36.36363636363637	27.27272727272727	63.63636363636363	9.090909090909092
peptide_nv_10	HQVASSQDRVSEAEPRFS	NonHEMO	33.333	55.556	22.222	11.111	33.333	66.667	33.333	16.667	16.667	-0.78055028718843	5.54942588868568	43.3333333333333	50.3777777777778	3.71333333333333	-0.308333333333333	0.534339078755208	16.666666666666664	11.11111111111111	5.555555555555555	16.666666666666664	11.11111111111111	5.555555555555555
peptide_nv_11	TEKLVSAIGSGKYDVIICN	NonHEMO	36.842	57.895	36.842	5.263	57.895	42.105	21.053	10.526	10.526	-0.0538184347351162	6.3137665401309	117.894736842105	23.1368421052632	0.528947368421053	0.192631578947368	0.417397295261812	21.052631578947366	10.526315789473683	5.263157894736842	5.263157894736842	31.57894736842105	10.526315789473683
peptide_nv_12	VKLQGKEVGVYEALKDD	NonHEMO	17.647	47.059	35.294	5.882	52.941	47.059	41.176	17.647	23.529	-1.02127242861824	4.54464810935701	102.941176470588	-1.95294117647059	1.63176470588235	-0.0841176470588235	0.205521980275135	5.88235294117647	11.76470588235294	64.70588235294117	5.88235294117647	23.52941176470588	11.76470588235294
peptide_nv_13	IPGGVDQGKLQEYY	NonHEMO	21.429	42.857	21.429	14.286	64.286	35.714	21.429	7.143	14.286	-1.02380023827721	4.18439560856803	76.4285714285714	39.0357142857143	1.12428571428571	0.0542857142857143	0.192166025811515	7.142857142857142	42.857142857142854	14.285714285714285	7.142857142857142	50.0	14.285714285714285
peptide_nv_14	YCPQSSRYKTG	NonHEMO	45.455	54.545	0	18.182	45.455	54.545	18.182	18.182	0	1.94349212913389	9.29854097428595	0	104.5	3.04	-0.352727272727273	0.126089549220055	18.181818181818183	36.36363636363637	9.090909090909092	90.9090909090909	9.090909090909092	27.27272727272727
peptide_nv_15	IFLAMIHFYQRFISPLT	NonHEMO	17.647	23.529	35.294	29.412	70.588	29.412	11.765	11.765	0	1.21535079450018	9.35115852354754	120.588235294118	55.5941176470588	-0.380588235294118	0.438823529411765	0.583798959207708	5.88235294117647	58.82352941176471	29.411764705882355	5.88235294117647	11.76470588235294	41.17647058823529
peptide_nv_16	PDRMRKLLAHRDQIARLKRKV	NonHEMO	9.524	28.571	33.333	4.762	42.857	57.143	52.381	42.857	9.524	6.21724384615096	12.3533183363619	97.6190476190476	-1.89523809523809	4.24761904761905	-0.598095238095238	0.63895866653517	33.33333333333333	9.523809523809524	4.761904761904762	19.047619047619047	61.904761904761905	4.761904761904762
peptide_nv_17	RGAPNCLLLADLPFMA	NonHEMO	31.25	56.25	43.75	6.25	81.25	18.75	12.5	6.25	6.25	-0.0539683133272379	6.16117668150595	116.25	47.51875	-0.14875	0.295625	0.373750062265189	12.5	6.25	25.0	12.5	31.25	6.25
peptide_nv_18	STVGVPRTLPRLAELAMER	NonHEMO	31.579	52.632	36.842	0	57.895	42.105	26.316	15.789	10.526	0.978399779413698	10.3086356091878	102.631578947368	17.3421052631579	1.95631578947368	-0.0742105263157894	0.734612364311024	15.789473684210526	36.84210526315789	5.263157894736842	10.526315789473683	5.263157894736842	31.57894736842105
peptide_nv_19	LTIDNYREHDQK	NonHEMO	8.333	33.333	16.667	16.667	25	75	50	25	25	-0.781962931636487	5.51932005749241	65	-11.2083333333333	4.53583333333333	-0.495833333333333	0.321763338751353	8.333333333333332	33.33333333333333	16.666666666666664	8.333333333333332	41.66666666666667	33.33333333333333
peptide_nv_20	PALTPELRITAYLP	NonHEMO	28.571	50	42.857	7.143	71.429	28.571	14.286	7.143	7.143	-0.0236449363405056	6.40332815169463	125.714285714286	62.9714285714286	0.265	0.217857142857143	0.300736722350295	14.285714285714285	42.857142857142854	7.142857142857142	14.285714285714285	85.71428571428571	7.142857142857142
peptide_nv_21	IDEYDYGYCIRW	NonHEMO	16.667	33.333	16.667	33.333	66.667	33.333	33.333	8.333	25	-2.05429836637222	3.87599301286547	65	62.4833333333333	2.1	0.00416666666666667	0.142782376962469	8.333333333333332	16.666666666666664	33.33333333333333	8.333333333333332	33.33333333333333	16.666666666666664
peptide_nv_22	TLKPCHALVDGRDV	NonHEMO	28.571	64.286	35.714	7.143	57.143	42.857	35.714	21.429	14.286	0.186919993598611	7.35965035269471	104.285714285714	5	1.65642857142857	-0.035	0.343349313340081	14.285714285714285	21.428571428571427	7.142857142857142	7.142857142857142	35.714285714285715	21.428571428571427
peptide_nv_23	VFEGSDAIIDFTVRDAFLANYKAMIA	NonHEMO	30.769	53.846	42.308	15.385	65.385	34.615	23.077	7.692	15.385	-2.02142230721036	4.06269771657383	101.538461538462	6.71538461538462	0.659615384615385	0.266538461538462	0.42914612053141	3.8461538461538463	11.538461538461538	19.230769230769234	3.8461538461538463	7.6923076923076925	11.538461538461538
peptide_nv_24	VAKALREIHKNDK	NonHEMO	15.385	38.462	38.462	7.692	38.462	61.538	53.846	38.462	15.385	2.21772013995479	10.5006689610844	97.6923076923077	60.0384615384615	3.14615384615385	-0.391538461538462	0.764170987390138	7.6923076923076925	23.076923076923077	69.23076923076923	7.6923076923076925	84.61538461538461	23.076923076923077
peptide_nv_25	PEQDSGRKYQQNVQ	NonHEMO	14.286	42.857	7.143	7.143	28.571	71.429	28.571	14.286	14.286	-0.0230097027666987	6.48752705190254	20.7142857142857	76.7285714285714	4.52571428571429	-0.577857142857143	0.551198265971232	42.857142857142854	14.285714285714285	7.142857142857142	42.857142857142854	21.428571428571427	7.142857142857142
peptide_nv_26	GRTLSGQTGEGFVISVSHGEPLCIGLNCALGAAEMRPFIEIIGKCTTAYVLCY	NonHEMO	43.396	54.717	32.075	9.434	67.925	32.075	15.094	7.547	7.547	-0.903188879831451	5.6272290742446	97.5471698113208	27.2150943396226	0.202264150943396	0.27188679245283	0.648555876967115	1.8867924528301887	3.7735849056603774	5.660377358490567	1.8867924528301887	9.433962264150944	3.7735849056603774
peptide_nv_27	QTEANKYQVSVNKYKGTA	NonHEMO	33.333	55.556	22.222	11.111	38.889	61.111	22.222	16.667	5.556	1.9750891355359	9.86691084556968	43.3333333333333	32.8333333333333	2.44444444444444	-0.243333333333333	0.334781367478772	22.22222222222222	5.555555555555555	11.11111111111111	11.11111111111111	5.555555555555555	16.666666666666664
peptide_nv_28	VSDTVVEPYNAT	NonHEMO	33.333	83.333	33.333	8.333	50	50	16.667	0	16.667	-2.02284807629468	3.55006416262397	80.8333333333333	12.6916666666667	1.41	0.128333333333333	0.34585372716011	8.333333333333332	25.0	16.666666666666664	8.333333333333332	16.666666666666664	25.0
peptide_nv_29	FGKNTTISVKGRHDPCVGIRAVPVGEAMMNCVLL	NonHEMO	32.353	61.765	32.353	5.882	64.706	35.294	20.588	14.706	5.882	2.15656858182806	8.82440149275279	94.4117647058823	0.305882352941178	0.748529411764706	0.140882352941176	0.38548019976914	2.941176470588235	8.823529411764707	14.705882352941178	5.88235294117647	2.941176470588235	8.823529411764707
peptide_nv_30	GGITMEELKCS	NonHEMO	45.455	45.455	18.182	0	54.545	45.455	27.273	9.091	18.182	-1.0524026280194	4.25812620853789	70.9090909090909	34.5090909090909	0.89	0.101818181818182	0.126139177526278	9.090909090909092	54.54545454545454	36.36363636363637	9.090909090909092	90.9090909090909	54.54545454545454
peptide_nv_31	MAYSQALQAFACGINPSAEMNPILLKPQGNS	NonHEMO	35.484	54.839	32.258	6.452	64.516	35.484	6.452	3.226	3.226	-0.0544536683089232	6.22880346691438	79.0322580645161	50.6935483870968	0.475806451612903	0.184193548387097	0.462979175134502	6.451612903225806	16.129032258064516	3.225806451612903	3.225806451612903	9.67741935483871	51.61290322580645
peptide_nv_32	LALQQTMYEMGRAVIETHPEIDEIKMSL	NonHEMO	21.429	32.143	32.143	7.143	53.571	46.429	28.571	10.714	17.857	-2.77898460188059	4.29736933438745	101.071428571429	92.8607142857143	1.27428571428571	0.0767857142857143	0.543243501391317	3.571428571428571	14.285714285714285	21.428571428571427	3.571428571428571	14.285714285714285	32.142857142857146
peptide_nv_33	KERQENVQKIVLE	NonHEMO	0	23.077	30.769	0	30.769	69.231	46.154	23.077	23.077	-0.0206534819483506	6.60911991175148	104.615384615385	25.8	3.55769230769231	-0.433076923076923	0.358778533064323	53.84615384615385	7.6923076923076925	0.0	53.84615384615385	30.76923076923077	7.6923076923076925
peptide_nv_34	LPFFINHGGEY	NonHEMO	18.182	36.364	18.182	36.364	72.727	27.273	18.182	9.091	9.091	-0.783388700720803	5.3634636963497	70.9090909090909	39.0454545454545	0.0518181818181818	0.385454545454545	0.338971998121859	9.090909090909092	54.54545454545454	18.181818181818183	9.090909090909092	27.27272727272727	18.181818181818183
peptide_nv_35	QSPFTLEANGLVLAVRLTPRASRTGLDGVRTEASGRPVLSLRVAAPPVEGAANAALTAFVAKSLGLRKAEVTLLSGET	NonHEMO	42.308	62.821	42.308	2.564	60.256	39.744	19.231	11.538	7.692	2.98263592724657	11.3380734074719	106.410256410256	38.7051282051282	1.12935897435897	0.0847435897435898	0.805457256024301	5.128205128205128	1.282051282051282	2.564102564102564	6.41025641025641	1.282051282051282	3.8461538461538463
peptide_nv_36	FAFYYLCGERDSK	NonHEMO	30.769	38.462	15.385	30.769	61.538	38.462	30.769	15.385	15.385	-0.0544568305765835	6.31138209314339	37.6923076923077	52.8153846153846	1.90538461538462	-0.0384615384615384	0.191883500932435	7.6923076923076925	69.23076923076923	30.76923076923077	15.384615384615385	7.6923076923076925	69.23076923076923
peptide_nv_37	LTGIGFTMSLFI	NonHEMO	41.667	41.667	33.333	16.667	75	25	0	0	0	-0.0241054188060313	6.09998232888297	130	31.6333333333333	-1.7775	0.715	0.175211599051289	8.333333333333332	0.0	16.666666666666664	8.333333333333332	50.0	0.0
peptide_nv_38	VLILFIAALLAYALYDQFIMPRRNGPTLLSIALLHRGRVDSVIFVGL	NonHEMO	23.404	42.553	51.064	12.766	74.468	25.532	14.894	10.638	4.255	2.21613500547537	10.1120020266276	159.787234042553	39.0042553191489	-0.202340425531915	0.361063829787234	0.455292301455051	2.127659574468085	34.04255319148936	25.53191489361702	2.127659574468085	10.638297872340425	34.04255319148936
peptide_nv_39	GFLYVASGPLVRSSYR	NonHEMO	37.5	56.25	31.25	18.75	68.75	31.25	12.5	12.5	0	1.97430086110231	10.1183914828462	91.25	38.30625	0.983125	0.130625	0.502806522481117	6.25	75.0	25.0	6.25	12.5	56.25
peptide_nv_40	KNMASTTPDRQQACRCLQ	NonHEMO	38.889	55.556	16.667	0	38.889	61.111	22.222	16.667	5.556	1.91521663016902	8.82805379971487	32.7777777777778	82.5444444444445	3.47	-0.412777777777778	0.314262593869575	22.22222222222222	5.555555555555555	16.666666666666664	16.666666666666664	11.11111111111111	5.555555555555555
peptide_nv_41	NIGQAVDRVEQRVEMISD	NonHEMO	16.667	50	33.333	0	44.444	55.556	33.333	11.111	22.222	-2.0200096627623	4.10522428195479	97.2222222222222	32.0166666666667	3.05333333333333	-0.181111111111111	0.689133039670606	11.11111111111111	5.555555555555555	83.33333333333334	11.11111111111111	5.555555555555555	38.88888888888889
peptide_nv_42	EDKQCREVTYKSKYEKGG	NonHEMO	27.778	38.889	5.556	11.111	33.333	66.667	50	27.778	22.222	0.94758246183304	8.49107957463319	16.1111111111111	17.6277777777778	3.93666666666667	-0.548888888888889	0.416704350876341	27.77777777777778	5.555555555555555	50.0	44.44444444444444	22.22222222222222	5.555555555555555
peptide_nv_43	PYPAMPTDMQAQFM	NonHEMO	21.429	50	14.286	14.286	71.429	28.571	7.143	0	7.143	-1.02410541880603	3.74997185065973	14.2857142857143	52.4714285714286	0.632857142857143	0.165714285714286	0.105449134462628	28.57142857142857	57.14285714285714	7.142857142857142	28.57142857142857	14.285714285714285	7.142857142857142
peptide_nv_44	YRLARDIEIMLFDG	NonHEMO	14.286	28.571	35.714	14.286	64.286	35.714	35.714	14.286	21.429	-1.02206070305183	4.37041634567906	118.571428571429	51.1642857142857	1.89071428571429	0.0335714285714286	0.621719476544079	21.428571428571427	14.285714285714285	7.142857142857142	21.428571428571427	7.142857142857142	14.285714285714285
peptide_nv_45	RANALLANGVELTDNQLKVPSDGLYLIYSQVL	NonHEMO	25	53.125	43.75	6.25	59.375	40.625	15.625	6.25	9.375	-1.0230097027667	4.37041499592077	134.0625	13.028125	0.830625	0.14	0.41947043347014	6.25	3.125	40.625	6.25	9.375	3.125
peptide_nv_46	PEVLPPLFGTILDPVNSSAYIPDHNR	NonHEMO	19.231	61.538	30.769	11.538	61.538	38.462	19.231	7.692	11.538	-1.78180446743213	4.36606901711477	101.153846153846	55.1730769230769	1.085	0.146538461538462	0.460404800844238	11.538461538461538	7.6923076923076925	3.8461538461538463	11.538461538461538	30.76923076923077	3.8461538461538463
peptide_nv_47	KFICPCHGSQYNNQGKVVR	NonHEMO	26.316	52.632	15.789	15.789	52.632	47.368	21.053	21.053	0	3.15372700602803	9.49782105991345	51.0526315789474	20.6052631578947	2.00842105263158	-0.143157894736842	0.390616456775223	10.526315789473683	5.263157894736842	26.31578947368421	15.789473684210526	10.526315789473683	5.263157894736842
peptide_nv_48	GYGQGGQGPYGGQGGFGGYGGLGGQAGFGGQIGFNGQGG	NonHEMO	58.974	64.103	7.692	15.385	82.051	17.949	0	0	0	-0.0264865121405392	6.08020925932353	22.5641025641026	20.3179487179487	-0.0248717948717948	0.313076923076923	0.177963620003313	2.564102564102564	10.256410256410255	5.128205128205128	2.564102564102564	5.128205128205128	23.076923076923077
peptide_nv_49	GDKKPTQESDPDC	NonHEMO	30.769	69.231	0	0	30.769	69.231	46.154	15.385	30.769	-2.05143734140061	4.06268749448792	0	14.9307692307692	4.10461538461538	-0.500769230769231	0.239725698798201	7.6923076923076925	15.384615384615385	38.46153846153847	7.6923076923076925	53.84615384615385	15.384615384615385
peptide_nv_50	VILCTGDMGFGSSKTYDIEVWLPAQNTYR	NonHEMO	34.483	55.172	24.138	13.793	58.621	41.379	17.241	6.897	10.345	-1.05366313279841	4.37037037883543	77.2413793103448	63.348275862069	1.04689655172414	0.136551724137931	0.415621678568366	3.4482758620689653	24.137931034482758	17.24137931034483	3.4482758620689653	13.793103448275861	24.137931034482758
peptide_nv_51	SNYDAPSHLFIKV	NonHEMO	23.077	53.846	30.769	23.077	53.846	46.154	23.077	15.385	7.692	0.215989190341648	7.54147297940812	90	44.0153846153846	1.06461538461538	0.136153846153846	0.333134137847454	38.46153846153847	15.384615384615385	7.6923076923076925	38.46153846153847	7.6923076923076925	30.76923076923077
peptide_nv_52	EELSNKISDPSVMA	NonHEMO	28.571	57.143	28.571	0	42.857	57.143	28.571	7.143	21.429	-2.02095550020951	3.92756032721618	83.5714285714286	65.9928571428571	1.90642857142857	-0.0214285714285714	0.439351642826019	21.428571428571427	7.142857142857142	28.57142857142857	21.428571428571427	28.57142857142857	7.142857142857142
peptide_nv_53	SRKEQYSNAYATLGELLNRSALPIIN	NonHEMO	30.769	46.154	34.615	7.692	50	50	19.231	11.538	7.692	0.976657081920658	9.14459169162567	101.538461538462	52.0461538461538	1.98576923076923	-0.0707692307692308	0.491434361477501	34.61538461538461	7.6923076923076925	3.8461538461538463	34.61538461538461	3.8461538461538463	7.6923076923076925
peptide_nv_54	NTTMFMDVG	NonHEMO	33.333	66.667	11.111	11.111	55.556	44.444	11.111	0	11.111	-1.02331172102786	3.74997247561585	32.2222222222222	-9.97777777777778	0.871111111111111	0.25	0.23878798053987	55.55555555555556	11.11111111111111	22.22222222222222	22.22222222222222	11.11111111111111	77.77777777777779
peptide_nv_55	TTFEKGRCIQANYSLKENGKIKVLNQELRADGT	NonHEMO	30.303	45.455	24.242	6.061	42.424	57.576	30.303	18.182	12.121	1.94837299734355	9.33721238575519	73.9393939393939	-2.31212121212121	2.54848484848485	-0.215454545454545	0.483278866265035	9.090909090909092	12.121212121212121	3.0303030303030303	3.0303030303030303	9.090909090909092	12.121212121212121
peptide_nv_56	QKLPRDASPVRVRS	NonHEMO	21.429	57.143	28.571	0	42.857	57.143	35.714	28.571	7.143	2.9765203279648	12.2226556508333	76.4285714285714	88.1214285714286	4.04	-0.508571428571429	0.469190825577043	21.428571428571427	7.142857142857142	28.57142857142857	21.428571428571427	7.142857142857142	14.285714285714285
peptide_nv_57	LTLRPAPANTGVIYRRTDLNPP	NonHEMO	27.273	63.636	31.818	4.545	59.091	40.909	18.182	13.636	4.545	1.97588509439099	11.053632952344	93.1818181818182	71.3954545454546	2.10590909090909	-0.0954545454545454	0.277206860260408	4.545454545454546	18.181818181818183	9.090909090909092	4.545454545454546	40.909090909090914	18.181818181818183
peptide_nv_58	TSLFSLSMGCVTWLERYF	NonHEMO	38.889	44.444	22.222	22.222	61.111	38.889	11.111	5.556	5.556	-0.0542983663722211	6.22936447601225	81.1111111111111	-5.14444444444444	0.308333333333333	0.289444444444444	0.424316776122833	16.666666666666664	83.33333333333334	5.555555555555555	5.555555555555555	11.11111111111111	83.33333333333334
peptide_nv_59	DKINAKQIKRHTY	NonHEMO	15.385	30.769	23.077	15.385	30.769	69.231	46.154	38.462	7.692	3.21566909966526	10.6364888872505	67.6923076923077	41.9461538461538	3.70692307692308	-0.49	0.442986759511492	23.076923076923077	7.6923076923076925	84.61538461538461	23.076923076923077	30.76923076923077	7.6923076923076925
peptide_nv_60	EKMTIEQMALAIRYGSGI	NonHEMO	33.333	33.333	33.333	5.556	61.111	38.889	22.222	11.111	11.111	-0.0225460580335126	6.52529178945583	97.7777777777778	54.3	0.881111111111111	0.130555555555556	0.428130151373755	27.77777777777778	5.555555555555555	16.666666666666664	16.666666666666664	38.88888888888889	5.555555555555555
peptide_nv_61	KERQKKDNHNLIERRRRFNINDRIKELG	NonHEMO	3.571	25	17.857	7.143	25	75	57.143	39.286	17.857	5.220854247213	11.5498999142095	69.6428571428571	112.010714285714	5.63678571428571	-0.772857142857143	0.472553498294539	39.285714285714285	3.571428571428571	32.142857142857146	39.285714285714285	14.285714285714285	3.571428571428571
peptide_nv_62	QGQDPNFCKNEGT	NonHEMO	30.769	61.538	0	7.692	38.462	61.538	23.077	7.692	15.385	-1.05286627275258	4.18438869635356	0	5.95384615384616	3.22076923076923	-0.299230769230769	0.175820702846086	15.384615384615385	7.6923076923076925	38.46153846153847	15.384615384615385	7.6923076923076925	30.76923076923077
peptide_nv_63	IKEVRAITNLGLK	NonHEMO	23.077	38.462	46.154	0	53.846	46.154	30.769	23.077	7.692	1.97683183302894	10.789028455269	150	-15.3923076923077	1.19769230769231	-0.00307692307692307	0.542656674541172	7.6923076923076925	15.384615384615385	61.53846153846154	7.6923076923076925	69.23076923076923	15.384615384615385
peptide_nv_64	KRSVSKTGTLAEARKREF	NonHEMO	38.889	44.444	22.222	5.556	33.333	66.667	44.444	33.333	11.111	3.97792438680061	11.6505924145725	48.8888888888889	60.6444444444444	3.915	-0.498888888888889	0.505982567758391	22.22222222222222	5.555555555555555	16.666666666666664	22.22222222222222	16.666666666666664	5.555555555555555
peptide_nv_65	LGRLAARRGEKSATVAS	NonHEMO	52.941	58.824	41.176	0	52.941	47.059	29.412	23.529	5.882	2.97698397269798	12.2226556527098	86.4705882352941	33.6764705882353	2.55823529411765	-0.211764705882353	0.641855020521552	5.88235294117647	17.647058823529413	70.58823529411765	5.88235294117647	70.58823529411765	17.647058823529413
peptide_nv_66	DRATLTARLIDRPIRPLFAEGFRNEVQITSTVFSVDQDCSPEMAAMLGSSVALVIS	NonHEMO	33.929	57.143	35.714	5.357	55.357	44.643	21.429	8.929	12.5	-2.04782784152931	4.42888829329542	99.2857142857143	33.5589285714286	1.53875	0.0744642857142857	0.97759912947843	5.357142857142857	1.7857142857142856	7.142857142857142	5.357142857142857	32.142857142857146	1.7857142857142856
peptide_nv_67	EDERIAAENLAKEIVSLKDLATKL	NonHEMO	25	41.667	45.833	0	45.833	54.167	41.667	16.667	25	-2.01796720808502	4.38513377147969	126.25	15.0208333333333	2.0025	-0.0933333333333333	0.555624018567948	20.833333333333336	4.166666666666666	66.66666666666666	20.833333333333336	37.5	4.166666666666666
peptide_nv_68	SILSERSQDVT	NonHEMO	36.364	54.545	27.273	0	27.273	72.727	27.273	9.091	18.182	-1.02205754078417	4.18440625677381	97.2727272727273	111.354545454545	3.17090909090909	-0.19	0.225561058593639	18.181818181818183	45.45454545454545	9.090909090909092	18.181818181818183	9.090909090909092	45.45454545454545
peptide_nv_69	IMGCYGLGITRVVAAAIEQ	NonHEMO	42.105	52.632	47.368	5.263	78.947	21.053	10.526	5.263	5.263	-0.0542983663722212	6.22936447601225	128.421052631579	33.8	-0.508421052631579	0.404210526315789	0.568259052171216	5.263157894736842	57.89473684210527	10.526315789473683	5.263157894736842	21.052631578947366	57.89473684210527
peptide_nv_70	IAGNLNLSFPYVEGESII	NonHEMO	27.778	50	38.889	11.111	66.667	33.333	11.111	0	11.111	-2.02238443156149	3.61369621783602	130	21.9388888888889	-0.0816666666666667	0.393888888888889	0.177690466199052	5.555555555555555	22.22222222222222	44.44444444444444	5.555555555555555	22.22222222222222	55.55555555555556
peptide_nv_71	GKVIACDILPMDPIVG	NonHEMO	25	62.5	43.75	0	81.25	18.75	18.75	6.25	12.5	-1.05332991748577	4.10920973148228	140	47.0125	-0.755625	0.425625	0.283466818693939	6.25	12.5	62.5	6.25	37.5	12.5
peptide_nv_72	FRTLAQDVLGTTQVPYGDEVFDFGKPF	NonHEMO	25.926	55.556	22.222	18.519	59.259	40.741	22.222	7.407	14.815	-2.02142230721036	4.06269771657383	64.8148148148148	14.9962962962963	1.25407407407407	0.124444444444444	0.554951977332544	3.7037037037037033	7.4074074074074066	11.11111111111111	11.11111111111111	3.7037037037037033	7.4074074074074066
peptide_nv_73	KVAGSDKPASVP	NonHEMO	41.667	83.333	33.333	0	58.333	41.667	25	16.667	8.333	0.976371350563413	9.53730087392893	65	20.8333333333333	1.165	-0.0116666666666667	0.144099289674295	16.666666666666664	8.333333333333332	41.66666666666667	16.666666666666664	41.66666666666667	8.333333333333332
peptide_nv_74	MTFQSRFGREPWLMPYTDE	NonHEMO	21.053	36.842	5.263	21.053	52.632	47.368	26.316	10.526	15.789	-1.02159705831864	4.42636573697873	20.5263157894737	81.4894736842105	2.50263157894737	-0.108421052631579	0.488800011955736	15.789473684210526	21.052631578947366	5.263157894736842	5.263157894736842	15.789473684210526	31.57894736842105
peptide_nv_75	AVSVTFMDSQDTPIFEPLP	NonHEMO	26.316	63.158	26.316	10.526	57.895	42.105	15.789	0	15.789	-3.02126068073834	3.3800305331669	76.8421052631579	54.2736842105263	0.720526315789474	0.25	0.227594467168095	5.263157894736842	42.10526315789473	15.789473684210526	5.263157894736842	15.789473684210526	42.10526315789473
peptide_nv_76	ALVAKIGENINIRRVAALEGDVLGSYQHGARIG	NonHEMO	33.333	51.515	45.455	6.061	63.636	36.364	24.242	15.152	9.091	1.21849438856138	9.29789198254364	124.242424242424	43.1121212121212	1.19272727272727	0.0981818181818182	0.506533774588673	3.0303030303030303	15.151515151515152	75.75757575757575	3.0303030303030303	27.27272727272727	15.151515151515152
peptide_nv_77	EGQTISDEAIEQAVEGAEKELD	NonHEMO	31.818	45.455	31.818	0	40.909	59.091	40.909	4.545	36.364	-7.01513243238592	3.43976630247597	80	34.4136363636364	2.49045454545455	-0.0886363636363636	0.567568198075565	9.090909090909092	4.545454545454546	18.181818181818183	9.090909090909092	13.636363636363635	4.545454545454546
peptide_nv_78	LKANKYQIKKAVKELYE	NonHEMO	11.765	23.529	35.294	11.765	47.059	52.941	41.176	29.412	11.765	2.97602954963853	10.1687469743929	97.6470588235294	7.22352941176471	1.84764705882353	-0.251176470588235	0.695061903570441	5.88235294117647	11.76470588235294	35.294117647058826	5.88235294117647	23.52941176470588	11.76470588235294
peptide_nv_79	VKTREEVAYVLT	NonHEMO	25	50	41.667	8.333	50	50	33.333	16.667	16.667	-0.0225460580335128	6.52529178945583	113.333333333333	33.9333333333333	1.71	-0.0358333333333333	0.257234380628009	8.333333333333332	16.666666666666664	25.0	8.333333333333332	75.0	16.666666666666664
peptide_nv_80	DKYRVGAVLKEIES	NonHEMO	21.429	42.857	35.714	7.143	50	50	42.857	21.429	21.429	-0.0219108244597059	6.57662024475561	104.285714285714	31.85	2.23071428571429	-0.152142857142857	0.469583452424508	35.714285714285715	7.142857142857142	21.428571428571427	35.714285714285715	21.428571428571427	7.142857142857142
peptide_nv_81	ISGEPKNNWVFDIPRVASEYVNYGVLEQ	NonHEMO	17.857	53.571	28.571	14.286	57.143	42.857	21.429	7.143	14.286	-2.02128871552216	4.14755585666512	86.7857142857143	18.5035714285714	1.50857142857143	0.0635714285714286	0.655237602980542	3.571428571428571	14.285714285714285	7.142857142857142	3.571428571428571	7.142857142857142	14.285714285714285
peptide_nv_82	VKQGLVSPYIGN	NonHEMO	25	58.333	33.333	8.333	66.667	33.333	8.333	8.333	0	0.974942419211437	9.29829459837998	113.333333333333	56.0416666666667	0.1225	0.219166666666667	0.123231214004597	8.333333333333332	16.666666666666664	58.333333333333336	8.333333333333332	25.0	16.666666666666664
peptide_nv_83	GELKNTSRFLLVKKSIARIKTE	NonHEMO	27.273	36.364	31.818	4.545	40.909	59.091	36.364	27.273	9.091	3.97776908486391	11.2222035001643	106.363636363636	10.7409090909091	2.26681818181818	-0.203181818181818	0.527868880021885	4.545454545454546	9.090909090909092	27.27272727272727	4.545454545454546	22.727272727272727	9.090909090909092
peptide_nv_84	EGYDFVDHQRQPLAKPA	NonHEMO	17.647	47.059	23.529	17.647	52.941	47.059	35.294	17.647	17.647	-0.781962931636487	5.51932005749241	51.7647058823529	34.6235294117647	2.59411764705882	-0.183529411764706	0.384001100318194	11.76470588235294	5.88235294117647	17.647058823529413	11.76470588235294	17.647058823529413	5.88235294117647
peptide_nv_85	PARFSHSSYLTFPSSGAFYDFVTD	NonHEMO	41.667	62.5	16.667	29.167	54.167	45.833	16.667	8.333	8.333	-0.783855507721649	5.40802244291497	36.6666666666667	68.0833333333333	1.41666666666667	0.152083333333333	0.291759566210595	8.333333333333332	12.5	4.166666666666666	8.333333333333332	16.666666666666664	4.166666666666666
peptide_nv_86	DDEPDADDIED	NonHEMO	9.091	72.727	18.182	0	27.273	72.727	72.727	0	72.727	-8.01682854711431	2.99076060983045	44.5454545454545	69.4818181818182	5.38272727272727	-0.432727272727273	0.229268628129317	54.54545454545454	9.090909090909092	36.36363636363637	54.54545454545454	0.0	9.090909090909092
peptide_nv_87	GNEAAVAIELDHDSVMN	NonHEMO	29.412	64.706	41.176	5.882	52.941	47.059	29.412	5.882	23.529	-3.77975026487494	3.73726618259247	97.6470588235294	41.5941176470588	1.51529411764706	0.127058823529412	0.244706915395724	5.88235294117647	11.76470588235294	70.58823529411765	5.88235294117647	11.76470588235294	17.647058823529413
peptide_nv_88	ASSTPSRVFKG	NonHEMO	54.545	72.727	18.182	9.091	45.455	54.545	18.182	18.182	0	1.97573295472195	11.6517686762183	35.4545454545455	40.2363636363636	2.13363636363636	-0.102727272727273	0.512387450023768	9.090909090909092	63.63636363636363	18.181818181818183	9.090909090909092	18.181818181818183	45.45454545454545
peptide_nv_89	PDFGY	NonHEMO	20	60	0	40	80	20	20	0	20	-1.02410541880603	3.74997185065973	0	-39.14	0.988	0.23	0.318727578411227	60.0	40.0	20.0	80.0	60.0	20.0
peptide_nv_90	GKAHIFDLAINKYEAICNQPVA	NonHEMO	27.273	50	40.909	13.636	63.636	36.364	22.727	13.636	9.091	0.186434638616926	7.35585638902801	102.272727272727	48.8272727272727	0.640454545454545	0.165909090909091	0.372975505891337	4.545454545454546	9.090909090909092	18.181818181818183	4.545454545454546	27.27272727272727	9.090909090909092
peptide_nv_91	LLRVRDDDIPGLVMDG	NonHEMO	12.5	56.25	37.5	0	62.5	37.5	37.5	12.5	25	-2.02093695222867	4.0203003187759	133.75	19.6125	2.045625	-0.01375	0.297795540724335	6.25	18.75	62.5	6.25	0.0	18.75
peptide_nv_92	EQVFIPLTVGGGVRTPDDV	NonHEMO	26.316	68.421	31.579	5.263	63.158	36.842	21.053	5.263	15.789	-2.021263843006	3.87600288230936	102.105263157895	18.6789473684211	0.95	0.19	0.500132638338314	15.789473684210526	5.263157894736842	31.57894736842105	15.789473684210526	10.526315789473683	5.263157894736842
peptide_nv_93	GISETITVRKI	NonHEMO	36.364	45.455	36.364	0	45.455	54.545	27.273	18.182	9.091	0.976990297233301	9.69502246034406	132.727272727273	11.1636363636364	1.46181818181818	0.0590909090909091	0.16357731868633	9.090909090909092	36.36363636363637	27.27272727272727	9.090909090909092	27.27272727272727	36.36363636363637
peptide_nv_94	DKINAIATKIYGADGV	NonHEMO	37.5	62.5	43.75	6.25	62.5	37.5	25	12.5	12.5	-0.0236286494365869	6.44053337740091	110	-22.4625	0.73625	0.166875	0.486601493476679	18.75	6.25	50.0	18.75	25.0	6.25
peptide_nv_95	GEFAIARKNVSINEAV	NonHEMO	31.25	56.25	43.75	6.25	56.25	43.75	25	12.5	12.5	-0.0217523602553433	6.53210882997884	103.75	4.6625	1.46875	0.075	0.344894139735659	6.25	12.5	68.75	6.25	18.75	12.5
peptide_nv_96	GLVDHVEYISSRVGWK	NonHEMO	25	50	31.25	18.75	56.25	43.75	31.25	18.75	12.5	0.217243370585343	7.54242054000947	103.125	26.4625	1.339375	0.08	0.492945706103569	6.25	25.0	31.25	6.25	50.0	25.0
peptide_nv_97	MFKVRVIPCLDVK	NonHEMO	7.692	46.154	38.462	7.692	69.231	30.769	30.769	23.077	7.692	1.94571475826404	9.67376572339462	126.923076923077	-4.27692307692308	0.474615384615385	0.114615384615385	0.225352140194416	15.384615384615385	23.076923076923077	7.6923076923076925	7.6923076923076925	15.384615384615385	23.076923076923077
peptide_nv_98	LSHSISNLSNIQENVEASKSRI	NonHEMO	31.818	50	31.818	4.545	31.818	68.182	22.727	13.636	9.091	0.218500713096699	7.55074113797388	106.363636363636	47.0272727272727	2.46181818181818	-0.100909090909091	0.45073199649256	4.545454545454546	31.818181818181817	9.090909090909092	4.545454545454546	9.090909090909092	13.636363636363635
peptide_nv_99	VKIWFQNRRAKAKRLQEAELEKLKMAA	NonHEMO	18.519	25.926	37.037	7.407	48.148	51.852	40.741	29.63	11.111	4.97886480090324	11.3101583671084	87.037037037037	68.2703703703704	2.60111111111111	-0.311481481481481	0.38486307910002	3.7037037037037033	7.4074074074074066	92.5925925925926	3.7037037037037033	18.51851851851852	7.4074074074074066
peptide_nv_100	IQFGWETITEALKQGGIT	NonHEMO	38.889	38.889	27.778	11.111	55.556	44.444	16.667	5.556	11.111	-1.02174919798768	4.25813855359571	92.2222222222222	33.3888888888889	0.463333333333333	0.246111111111111	0.577858763543465	5.555555555555555	11.11111111111111	38.88888888888889	5.555555555555555	11.11111111111111	33.33333333333333
peptide_nv_101	IYEDAA	NonHEMO	33.333	50	50	16.667	66.667	33.333	33.333	0	33.333	-2.02284807629468	3.55006416262397	98.3333333333333	27.8666666666667	1.18833333333333	0.206666666666667	0.436110879072015	16.666666666666664	50.0	33.33333333333333	16.666666666666664	33.33333333333333	50.0
peptide_nv_102	IQLYLSAATTAVKEGRNQ	NonHEMO	38.889	50	38.889	5.556	50	50	16.667	11.111	5.556	0.976196599455132	9.29735070679717	97.7777777777778	10.5111111111111	1.58388888888889	-0.0194444444444444	0.482178320289675	5.555555555555555	11.11111111111111	22.22222222222222	5.555555555555555	11.11111111111111	72.22222222222221
peptide_nv_103	RILTRNIKGPIKVGDIIMLRE	NonHEMO	14.286	33.333	38.095	0	57.143	42.857	33.333	23.81	9.524	2.97761920627179	11.5503570757661	143.809523809524	34.4523809523809	1.80428571428571	-0.059047619047619	0.683006025188433	9.523809523809524	4.761904761904762	19.047619047619047	9.523809523809524	28.57142857142857	4.761904761904762
peptide_nv_104	NREDAAQAAEERSETRTPPEA	NonHEMO	38.095	57.143	23.81	0	33.333	66.667	42.857	14.286	28.571	-3.01703449527407	4.13316671105794	23.8095238095238	81.7619047619047	4.72380952380952	-0.512380952380952	0.419435499205834	23.809523809523807	4.761904761904762	61.904761904761905	23.809523809523807	4.761904761904762	9.523809523809524
peptide_nv_105	RQASQIHYDLY	NonHEMO	18.182	27.273	27.273	27.273	45.455	54.545	27.273	18.182	9.091	0.215350794500181	7.5352752482513	80	116.8	2.85545454545455	-0.193636363636364	0.515924438511089	27.27272727272727	9.090909090909092	36.36363636363637	27.27272727272727	18.181818181818183	9.090909090909092
peptide_nv_106	NLTKEEIKKLYGFVDSYVEPKNY	NonHEMO	13.043	39.13	21.739	17.391	47.826	52.174	34.783	17.391	17.391	-0.0225546436457535	6.62500106568687	76.0869565217391	31.2521739130435	1.92434782608696	-0.116521739130435	0.504565666170532	8.695652173913043	4.3478260869565215	13.043478260869565	8.695652173913043	4.3478260869565215	17.391304347826086
peptide_nv_107	QAIVGGNFDETQVSSAAMKAWLAFWAS	NonHEMO	44.444	59.259	37.037	14.815	62.963	37.037	11.111	3.704	7.407	-1.02221284272087	4.18439118272939	72.5925925925926	4.32222222222222	0.294074074074074	0.285555555555556	0.393199428815531	7.4074074074074066	3.7037037037037033	40.74074074074074	7.4074074074074066	3.7037037037037033	33.33333333333333
peptide_nv_108	AVDPQQNAVVSP	NonHEMO	25	83.333	41.667	0	58.333	41.667	8.333	0	8.333	-1.02331172102786	3.74997247561585	89.1666666666667	65.3583333333333	1.175	0.0966666666666667	0.212323288060131	8.333333333333332	25.0	33.33333333333333	8.333333333333332	41.66666666666667	25.0
peptide_nv_109	GGPLEHVIAAKAVAFGECLQPEYKEYQ	NonHEMO	29.63	44.444	33.333	14.815	66.667	33.333	25.926	11.111	14.815	-1.81138072940535	4.62088591444074	79.6296296296296	57.6666666666667	0.637037037037037	0.139259259259259	0.402644735840126	3.7037037037037033	18.51851851851852	11.11111111111111	3.7037037037037033	55.55555555555556	11.11111111111111
peptide_nv_110	DPLEPKTSKTAKAIYRWYVQNSSAVSG	NonHEMO	37.037	59.259	25.926	11.111	48.148	51.852	22.222	14.815	7.407	1.97587967104641	9.8656374810214	61.4814814814815	38.8481481481481	1.91407407407407	-0.0966666666666667	0.652590307159861	11.11111111111111	3.7037037037037033	7.4074074074074066	11.11111111111111	29.629629629629626	3.7037037037037033
